project_id,planning_company,project_name,project_type,record_confidence,parser_type,review_reason,gis,centroid,address,location_method,gis_source,location_confidence,spatial_role,location_evidence,gis_provenance,is_regional_fallback,starting_substation,ending_substation,voltage_kv,approximate_line_mileage,counties_crossed,regulatory_case_number,filing_dates,projected_year,cost,construction_time,projected_locations,source_name,source_url,source_page,source_excerpt,first_seen,last_seen,active
0d532e85675ccee629e0,Duke Energy Florida,"Duke Energy Florida - News / Grid: “For hurricanes Milton and Helene, I remained in a storm role for",Transmission upgrade,0.000,generic,generic_or_missing_project_name;missing_voltage;missing_starting_substation;missing_projected_year,NA,NA,NA,NA,Duke project maps / DEP siting records,none,NA,NA,NA,no,NA,NA,0,0,NA,NA,NA,0,0,NA,NA,Duke Energy Florida - News / Grid,https://news.duke-energy.com/releases/two-years-after-the-storms-duke-energy-florida-powers-customers-with-a-stronger-grid,0,"“For hurricanes Milton and Helene, I remained in a storm role for over two weeks before taking time off to repair my home. Working through storm restoration, especially while handling personal impacts, is never easy but we proudly work to restore communities as quickly as possible, because this is the place we call home too.” Staying ahead of future storms Physical infrastructure upgrades occur year-round to strengthen the poles and wires and reduce outages. Approximately 60% of wooden transmission poles have been upgraded to stronger materials over the last five years and approximately 50% of the distribution system is now underground. Vegetation trimming is also a critical piece of storm preparation. Each year, thousands of miles of trees are pruned along the power lines, helping to prevent vegetation-caused outages. Our view: “In the aftermath of a storm, our teams work incredibly hard around the clock to restore our customer’s power,” said Melissa Seixas, Duke Energy Florida state president.",2026-09-27T13:47:19+00:00,2026-09-27T13:47:19+00:00,yes
9ea5bcc715dc062540e1,Florida Power & Light,Oasis (Planned) 825 Substation,Substation project,0.320,generic,missing_voltage;missing_starting_substation,NA,NA,NA,NA,FPL project maps / corridor records,none,NA,NA,NA,no,NA,NA,0,0,Broward County; Miami-Dade County,NA,NA,2025,0,NA,Broward County; Miami-Dade County,FPL - Transmission Projects,https://www.fpl.com/content/dam/fplgp/us/en/reliability/pdf/andytown-oasis-preliminary-preferred-corridor.pdf,1,"818 Andytown 75 27 ""J 75 820 820 821 Broward County 75 Miami-Dade County 826 75 27 924 997 27 821 9 Levee 826 ""J""J 27 Quarry Miami International Airport 836 41 41 41 826 1 997 821 ANDYTOWN - OASIS PROJECT PRELIMINARY PREFERRED CORRIDOR J"" Substa8tio7n4 0 1 7,400 14,800 94 Corridor Routes Considered Meters Feet Preliminary Preferred Corridor 0 1,800 3,600 Study Area ± County Boundary ""J 1:177,637 Oasis (Planned) 825 Substation: FPL 2025 Preliminary Preferred Corridor: SWCA 2025",2026-09-27T13:47:19+00:00,2026-09-27T13:47:19+00:00,yes
348ef954573901558b07,Florida Power & Light,preferred corridor for the proposed transmission lines The project will be licensed through the Transmission Line,Transmission project,0.240,generic,missing_starting_substation,NA,NA,NA,NA,FPL project maps / corridor records,none,NA,NA,NA,no,NA,NA,500,0,NA,NA,NA,2033,0,NA,NA,FPL - Transmission Projects,https://www.fpl.com/reliability/andytown-oasis-project.html,0,"FPL will work safely and respectfully and abide by applicable environmental and governmental regulations. FPL plans to complete the projects in 2033. Project Timeline Early 2026: Public Engagement and Input 2026-2028: Design and Permitting Early 2029: Start Construction Late 2033: Project Completion Construction Process Construction consists of right-of-way clearing, access road construction (where necessary), line construction and restoration Structures are generally delivered using semi-trucks and trailers Vegetation management is conducted according to approved standards Equipment used for construction typically includes trucks, trailers, cranes, auger diggers and other support vehicles Permitting FPL will abide by applicable regulations After review of various factors and constraints, FPL identified multiple routes and a preliminary preferred corridor for the proposed transmission lines The project will be licensed through the Transmission Line Siting Act (TSLA) administered by the Florida Department of Environmental Protection: ○ Streamlines all State and local agency permitting approvals into a single process ○ Allows for feedback from agencies and the public on the Preferred Corridor ○ Application filed in May 2026. Additional federal permits will be obtained after the route is selected Environmental and Cultural Resources The following resources are being analyzed: ○ Vegetation ○ Wildlife ○ Aquatic Life ○ Scenic, Cultural, and Natural Landmarks ○ Archaeological and Historic Sites Contact Information: Phone: 561-694-4826 Email: reliability@fpl.com Preliminary Preferred Corridor View PDF version Typical Transmission Structures 500kV Transmission Lines 230kV Transmission Line Stages of Construction Stages of construction About FPL News Company Careers Environment Community Donate to Care To Share® Rates and Your Bill About Energy Energy My Way Ensuring Reliability Diverse Energy Sources Electric Vehicles Power Disturbances Safety Partner Resources Supplier Home and Login DSM Contractor Portal Fuel Portal Building and Construction Land Use Assist Agency Login WebTAXI Login Deposit Portal En Español INGLÉS ESPAÑOL Ahora la información que necesitas sobre tu s",2026-09-27T13:47:19+00:00,2026-09-27T13:47:19+00:00,yes
ff713d588c89167bd195,Florida Power & Light,FPL evaluated various potential routes for the new transmission line,Transmission project,0.110,generic,missing_voltage;missing_starting_substation,NA,NA,NA,NA,FPL project maps / corridor records,none,NA,NA,NA,no,NA,NA,0,0,NA,NA,NA,2033,0,NA,NA,FPL - Transmission Projects,https://www.fpl.com/reliability/andytown-oasis-project.html,0,"FPL evaluated various potential routes for the new transmission line corridor, some of which include existing rights-of-ways, and identified a preliminary preferred corridor. FPL is committed to keeping the community informed throughout the process and we will provide additional information as the project progresses. FPL has filed an application under the Florida’s Electric Transmission Line Siting Act. FPL will work safely and respectfully and abide by applicable environmental and governmental regulations. FPL plans to complete the projects in 2033. Project Timeline Early 2026: Public Engagement and Input 2026-2028: Design and Permitting Early 2029: Start Construction Late 2033: Project Completion Construction Process Construction consists of right-of-way clearing, access road construction (where necessary), line construction and restoration Structures are generally delivered using semi-trucks and trailers Vegetation management is conducted according to approved standards Equipment used for construction typically includes trucks, trailers, cranes, auger diggers and other support vehicles Permitting FPL will abide by applicable regulations After review of various factors and constraints, FPL identified multiple routes and a preliminary preferred corridor for the proposed transmission lines The project will be licensed through the Transmission Line Siting Act (TSLA) administered by the Florida Department of Environmental Protection: ○ Streamlines all State and local agency permitting approvals into a single process ○ Allows for feedback from agencies and the public on the Preferred Corridor ○ Application filed in May 2026.",2026-09-27T13:47:19+00:00,2026-09-27T13:47:19+00:00,yes
396c788726403dea4b47,Florida Power & Light,FPL - Transmission Projects: If you would like to verify the identity of a customer outreach,Transmission upgrade,0.000,generic,generic_or_missing_project_name;missing_voltage;missing_starting_substation;missing_projected_year,NA,NA,NA,NA,FPL project maps / corridor records,none,NA,NA,NA,no,NA,NA,0,0,NA,NA,NA,0,0,NA,NA,FPL - Transmission Projects,https://www.fpl.com/reliability/storm-secure-underground-program.html,0,"If you would like to verify the identity of a customer outreach specialist, you may contact your local customer outreach lead by using the direct phone number provided in the informational packet you received by mail or by filling out this form . FPL SSUP employees are dressed in FPL uniforms, a safety vest and carry a badge Why did a customer outreach specialist request an easement on my property? We require an easement demonstrating your permission for us to enter your property to install, maintain, repair and/or replace underground power lines and other equipment , such as the examples below, including a padmounted transformer. The standard easement area for this project is 10 feet by 10 feet but may vary depending on field conditions. As part of the notarization process when signing an easement, a customer outreach specialist will ask you to verify your identity by presenting a valid form of identification, such as a driver's license. SSUP is a program approved by the Florida Public Service Commission to help improve grid resiliency during severe weather and also to enhance reliability day-to-day by replacing overhead neighborhood power lines with underground lines.",2026-09-27T13:47:19+00:00,2026-09-27T13:47:19+00:00,yes
30b89c85379a2f5d8512,Florida Power & Light,Florida DEP - Siting Coordination Office: Lauderdale Power Plant (Dania Beach Energy Center) PA89-26 Attachments Florida Power &,Transmission project,0.120,dep_listing,generic_or_missing_project_name;missing_voltage;missing_starting_substation;missing_projected_year,NA,NA,NA,NA,Florida DEP GIS / transmission siting records,none,NA,NA,NA,no,NA,NA,0,0,Light Company Lee County; Attachments Lee County; Florida Municipal Power Agency West County,Number,NA,0,0,NA,Light Company Lee County; Attachments Lee County; Florida Municipal Power Agency West County,Florida DEP - Siting Coordination Office,https://floridadep.gov/water/siting-coordination-office/content/conditions-certification,0,"Lauderdale Power Plant (Dania Beach Energy Center) PA89-26 Attachments Florida Power & Light Company Martin Power Plant PA89-27 Attachments Florida Power & Light Company Lee County Resource Recovery Facility PA90-30 Attachments Lee County Indiantown Cogeneration Plant PA90-31 Attachments Indiantown Cogeneration Company, LP Polk Power Station PA92-32 Attachments Tampa Electric Company Hines Energy Complex PA92-33 Attachments Duke Energy Florida, LLC Sam O. Purdom Generating Station PA97-36 Attachments City of Tallahassee Tiger Bay Cogeneration Facility PA97-37 Attachments Duke Energy Florida, LLC Cane Island Power Park PA98-38 Attachments Florida Municipal Power Agency and Kissimmee Utilities Authority Lansing Smith Electric Generating Plant PA99-40 Attachments Gulf Power Corporation Osprey Energy Center PA00-41 Attachments Duke Energy Florida, LLC Brandy Branch Generating Station PA00-43 Attachments JEA Manatee Power Plant PA02-44 Attachments Florida Power & Light Company Turkey Point Power Plant PA03-45 Units 3-5 Units 6-7 Attachments Florida Power & Light Company Okeelanta Cogeneration Facility PA04-46 Attachments New Hope Power Partnership Treasure Coast Energy Center PA05-48 Attachments Florida Municipal Power Agency West County Energy Center PA05-47 Attachments Florida Power & Light Company Cape Canaveral Energy Center PA08-53 Attachments Florida Power & Light Company Riviera Beach Energy Center PA09-54 Attachments Florida Power & Light Company Deerhaven Renewable Energy Center PA09-55 Attachments Gainesville Regional Utilities Port Everglades Next Generation Energy Center PA12-57 Attachments Florida Power & Light Company Okeechobee Clean Energy Center PA15-58 Attachments Florida Power & Light Company Shady Hills Combined Cycle Facility PA18-59 Attachments Seminole Electric Cooperative, Inc. Transmission Lines Facility Name Conditions (Case Number) Licensee Hopkins - Bainbridge TA81-01 City of Tallahassee Central Florida - Kathleen TA81-02 Florida Power Corporation (now Duke Energy Florida, LLC) Duval - Poinsett TA81-03 Florida Power & Light Company Midway - Jensen - Crane TA83-04 Florida Power & Light Company Crane - Bridge - Plumosus TA88-06 Florida Power",2026-09-27T13:47:19+00:00,2026-09-27T13:47:19+00:00,yes
dd3907d2445ac8c57522,Multiple Florida Utilities,provides affected persons the opportunity to address concerns about project location. Since transmission line,Transmission project,0.040,dep_listing,missing_voltage;missing_starting_substation;missing_projected_year,NA,NA,NA,NA,Florida DEP GIS / transmission siting records,none,NA,NA,NA,no,NA,NA,0,0,NA,NA,NA,0,0,NA,NA,Florida DEP - Siting Coordination Office,https://floridadep.gov/water/siting-coordination-office/content/transmission-line-siting-act,0,"After review, alternate corridors may be the one (or a variation thereof) certified. (See TLSA certification process flowchart ) The alternate corridor provision provides affected persons the opportunity to address concerns about project location. Since transmission line corridors can be up to a mile wide and several hundred miles long, many alternates can be proposed and must be reviewed. Because of this consideration, and because a corridor is initially what is proposed for certification, an exact right-of-way location can seldom be reviewed during the proceedings. Thus, the post-certification review is used extensively in the TLSA following right-of-way selection. Most impacts under post-certification review are concerned with line location in relation to wetlands.",2026-09-27T13:47:19+00:00,2026-09-27T13:47:19+00:00,yes
b286302d18da19674712,Multiple Florida Utilities,remain the same. The time provided for the transmission line,Transmission project,0.040,dep_listing,missing_voltage;missing_starting_substation;missing_projected_year,NA,NA,NA,NA,Florida DEP GIS / transmission siting records,none,NA,NA,NA,no,NA,NA,0,0,NA,NA,NA,0,0,NA,NA,Florida DEP - Siting Coordination Office,https://floridadep.gov/water/siting-coordination-office/content/transmission-line-siting-act,0,"Public involvement opportunities are also provided in both laws. Most of the steps, when districts and divisions must participate, remain the same. The time provided for the transmission line siting certification process is shorter than the power plant siting certification process. The two main differences between the TLSA and PPSA are: There is no Land Use and Zoning hearing for transmission line siting certification. Parties to the TLSA proceeding can propose corridors alternate in location to the ones proposed by the applicant (the corridor is an area in which the right-of-way will be located). After review, alternate corridors may be the one (or a variation thereof) certified.",2026-09-27T13:47:19+00:00,2026-09-27T13:47:19+00:00,yes
e93a45eddd4a0b416efb,Multiple Florida Utilities,the necessary individual permits and approvals. This exemption is date-dependent if it is for a transmission line,Transmission project,0.040,dep_listing,missing_voltage;missing_starting_substation;missing_projected_year,NA,NA,NA,NA,Florida DEP GIS / transmission siting records,none,NA,NA,NA,no,NA,NA,0,0,NA,NA,NA,0,0,NA,NA,Florida DEP - Siting Coordination Office,https://floridadep.gov/water/siting-coordination-office/content/transmission-line-siting-act,0,"See TLSA applicability flow chart for further clarification. If a line is to be constructed entirely within certain rights-of-way, the TLSA may not apply; however, this does not relieve the utility from the obligation to obtain the necessary individual permits and approvals. This exemption is date-dependent if it is for a transmission line as defined in the TLSA. See Section 403.524(2)(c), F.S. The procedural rule is Chapter 62-17, Part II, Florida Administrative Code (F.A.C.), [62-17.510 through 62-17.760]. An application guide is also available.",2026-09-27T13:47:19+00:00,2026-09-27T13:47:19+00:00,yes
d412f44bceb76e7dda93,Multiple Florida Utilities,"Florida DEP - Siting Coordination Office: 7(c) of the Natural Gas Act, 15 U.S.C. Applicants (see NGTPSA application",Transmission project,0.000,dep_listing,generic_or_missing_project_name;missing_voltage;missing_starting_substation;missing_projected_year,NA,NA,NA,NA,Florida DEP GIS / transmission siting records,none,NA,NA,NA,no,NA,NA,0,0,NA,NA,NA,0,0,NA,NA,Florida DEP - Siting Coordination Office,https://floridadep.gov/water/siting-coordination-office/content/natural-gas-pipeline-siting-act,0,"7(c) of the Natural Gas Act, 15 U.S.C. Applicants (see NGTPSA application guide ) may use the licensing process under the NGTPSA for projects exempt from the Act (see NGTPSA applicability flow chart ). Certification Process for Transmission Pipelines: The certification process and procedural requirements ( see NGTPSA certification process flow chart ) are similar to those for electrical transmission lines, including the ability of parties to propose alternate corridors and the possibility that an alternate corridor will be the one certified. A difference between the two Acts is that electrical transmission corridors can be up to a mile wide, while under the NGTPSA, corridors can only be one-third mile wide. This reduces the amount of area to be reviewed and the number of people who may potentially be affected by the pipeline. As with transmission lines, safety and land ownership questions frequently arise about natural gas pipeline location.",2026-09-27T13:47:19+00:00,2026-09-27T13:47:19+00:00,yes
56b7da612e8b3973856c,Multiple Florida Utilities,Florida DEP - Siting Coordination Office: Applicants (see NGTPSA application guide ) may use the licensing process under,Transmission project,0.000,dep_listing,generic_or_missing_project_name;missing_voltage;missing_starting_substation;missing_projected_year,NA,NA,NA,NA,Florida DEP GIS / transmission siting records,none,NA,NA,NA,no,NA,NA,0,0,NA,NA,NA,0,0,NA,NA,Florida DEP - Siting Coordination Office,https://floridadep.gov/water/siting-coordination-office/content/natural-gas-pipeline-siting-act,0,"Applicants (see NGTPSA application guide ) may use the licensing process under the NGTPSA for projects exempt from the Act (see NGTPSA applicability flow chart ). Certification Process for Transmission Pipelines: The certification process and procedural requirements ( see NGTPSA certification process flow chart ) are similar to those for electrical transmission lines, including the ability of parties to propose alternate corridors and the possibility that an alternate corridor will be the one certified. A difference between the two Acts is that electrical transmission corridors can be up to a mile wide, while under the NGTPSA, corridors can only be one-third mile wide. This reduces the amount of area to be reviewed and the number of people who may potentially be affected by the pipeline. As with transmission lines, safety and land ownership questions frequently arise about natural gas pipeline location. In Florida, safety jurisdiction for natural gas pipelines lies with the Public Service Commission, but DEP's Siting Coordination Office can answer questions or recommend an appropriate contact at the Public Service Commission.",2026-09-27T13:47:19+00:00,2026-09-27T13:47:19+00:00,yes
afebf3ddd2ad76016871,Multiple Florida Utilities,Florida DEP - Siting Coordination Office: Certification is a comprehensive state license which includes any regulatory activity applicable,Transmission project,0.000,dep_listing,generic_or_missing_project_name;missing_voltage;missing_starting_substation;missing_projected_year,NA,NA,NA,NA,Florida DEP GIS / transmission siting records,none,NA,NA,NA,no,NA,NA,0,0,NA,NA,NA,0,0,NA,NA,Florida DEP - Siting Coordination Office,https://floridadep.gov/water/siting-coordination-office,0,"Certification is a comprehensive state license which includes any regulatory activity applicable under state, regional, and local regulations for the facility. Though the Florida Department of Environmental Protection (DEP) is responsible for coordinating the certification process, the Governor and Cabinet issue siting certifications. Electric and magnetic fields (EMF) generated by electrical transmission lines are also regulated by DEP. The Siting Coordination Office reviews required compliance reports submitted by companies that construct or operate transmission lines. The Siting Coordination Office also assists county tax appraisers in determining eligibility for ad valorem tax reductions for air or water pollution control equipment. Interested in subscribing to DEP newsletters or receiving DEP updates through email?",2026-09-27T13:47:19+00:00,2026-09-27T13:47:19+00:00,yes
6570afc9e45e5a1ee1a8,Multiple Florida Utilities,Florida DEP - Siting Coordination Office: Though the Florida Department of Environmental Protection (DEP) is responsible for coordinating,Transmission project,0.000,dep_listing,generic_or_missing_project_name;missing_voltage;missing_starting_substation;missing_projected_year,NA,NA,NA,NA,Florida DEP GIS / transmission siting records,none,NA,NA,NA,no,NA,NA,0,0,NA,NA,NA,0,0,NA,NA,Florida DEP - Siting Coordination Office,https://floridadep.gov/water/siting-coordination-office,0,"Though the Florida Department of Environmental Protection (DEP) is responsible for coordinating the certification process, the Governor and Cabinet issue siting certifications. Electric and magnetic fields (EMF) generated by electrical transmission lines are also regulated by DEP. The Siting Coordination Office reviews required compliance reports submitted by companies that construct or operate transmission lines. The Siting Coordination Office also assists county tax appraisers in determining eligibility for ad valorem tax reductions for air or water pollution control equipment. Interested in subscribing to DEP newsletters or receiving DEP updates through email? Sign Up About DEP The Florida Department of Environmental Protection is the state’s lead agency for environmental management and stewardship - protecting our air, water and land.",2026-09-27T13:47:19+00:00,2026-09-27T13:47:19+00:00,yes
2bd092314f0fa822e35e,Tampa Electric,Building a new substation,New substation,0.450,generic,missing_voltage,NA,NA,NA,NA,TECO project/regulatory maps,none,NA,NA,NA,no,Washington Street,NA,0,0,NA,NA,NA,2027,0,NA,Washington Street,Tampa Electric - Current Grid Projects,https://www.tampaelectric.com/company/ourpowersystem/projects/cassstreetsubstation/,0,"Please refer to the project map. Tampa Electric is: Building a new substation on Cass Street, near Nebraska Avenue, on the north end of downtown. Installing a new underground power line running west for three blocks along Cass Street, and then south on Jefferson Street for about a quarter-mile, connecting to Tampa Electric's existing Washington Street Substation. Building a new overhead power line running east for two blocks along Cass Street and crossing the railroad tracks to Union Station. The new steel poles will be up to 120 feet tall and about 36 inches wide at ground level. Construction began in May 2024 and is expected to be completed by January 2027.",2026-09-27T13:47:19+00:00,2026-09-27T13:47:19+00:00,yes
4e79cf3be2b687cfe68f,Tampa Electric,Cass Street Substation,Substation project,0.440,generic,missing_voltage;missing_projected_year,NA,NA,NA,NA,TECO project/regulatory maps,none,NA,NA,NA,no,Cass Street,NA,0,0,NA,NA,NA,0,0,NA,Cass Street,Tampa Electric - Current Grid Projects,https://www.tampaelectric.com/company/ourpowersystem/projects/cassstreetsubstation/,0,"Cass Street Substation For Your Home For Your Business Your Service Electric Service Electric Service Options New Customer Hub Let Us Help Report A Concern Power Outages Streetlight Out Tree Limbs Electricity Theft Outage Support Outage Map Outage Notifications Power Restoration Storm Center Rates, Charges and Service Rates Understanding Your Bill About Your Meter Retail Tariff Book Get Our e-Newsletter Outdoor Lighting Solutions Your Safety Electric Safety Your Safety Call Before You Dig Home Safety Kids Safety Power Line Safety Power Plant Safety Employee and Contractor Safety Scam Safety Storm Center Storm Protection Storm Protection Planning Strengthening Power Lines Undergrounding Power Lines Tree Trimming Safe Work Practices and Programs Contractor Safety Energy Supply Programs Energy Supply Forms Energy Delivery SWP Contractor Orientation Our Company Our Business Our Power System Solar Solutions Power Generation Current Projects Rights of Way Sustainability Environment Environmental Leadership Coal Combustion Residual Compliance Electric Vehicles Manatee Viewing Center Florida Conservation and Technology Center Our Community Involvement Community Responsibility Share Volunteerism Featured Stories Media Center Social Media Careers Our Culture About Us Mission and Values Our Culture of Belonging Economic Contribution Compliance and Reporting Our Leadership Executive Leadership Board of Directors Business Resources Suppliers Economic Development Air Services Laboratory Services Metro-Link Our Brand Help Center Resources Understanding Your Bill About Your Meter About Your Rates Energy Calculators Check Project Status Contact Us Report an Outage Streetlight Out Glossary of Energy-related Definitions Account & Billing Payment Payment Options Auto Pay Boost Payments Pay via Bank Account Bank Payments Pay By Card or Digital Wallet Pay By Mail Pay In Person Payment Assistance Payment Arrangement Third Party Bill Notifications Billing Billing Options Understanding Your Bill Paperless Billing Budget Billing Due Date Plus Services Electric Service Start, Transfer, or Stop Service Deposit Options Outdoor Lighting Programs Solar Solutions Solar 101 Sun Select Sun to Go",2026-09-27T13:47:19+00:00,2026-09-27T13:47:19+00:00,yes
cd6e3b70f7e876e27464,Tampa Electric,Tampa Electric - Current Grid Projects: Economic Development Service Area and Reliability Rates & Programs Workforce Development Featured,Substation project,0.360,generic,generic_or_missing_project_name;missing_voltage;missing_projected_year,NA,NA,NA,NA,TECO project/regulatory maps,none,NA,NA,NA,no,Power System Current Projects Cass Street,Cass Street,0,0,NA,NA,NA,0,0,NA,Power System Current Projects Cass Street; Cass Street,Tampa Electric - Current Grid Projects,https://www.tampaelectric.com/company/ourpowersystem/projects/cassstreetsubstation/,0,"Economic Development Service Area and Reliability Rates & Programs Workforce Development Featured Stories Featured Stories Featured Stories All Categories Community Company News Innovation Programs & Services Weather & Safety Your Service Your Service Electric Service Electric Service Options New Customer Hub Let Us Help Report A Concern Power Outages Streetlight Out Tree Limbs Electricity Theft Outage Support Outage Map Outage Notifications Power Restoration Storm Center Rates, Charges and Service Rates Understanding Your Bill About Your Meter Retail Tariff Book Get Our e-Newsletter Outdoor Lighting Solutions Your Safety Your Safety Electric Safety Your Safety Call Before You Dig Home Safety Kids Safety Power Line Safety Power Plant Safety Employee and Contractor Safety Scam Safety Storm Center Storm Protection Storm Protection Planning Strengthening Power Lines Undergrounding Power Lines Tree Trimming Safe Work Practices and Programs Contractor Safety Energy Supply Programs Energy Supply Forms Energy Delivery SWP Contractor Orientation Our Company Our Company Our Business Our Power System Solar Solutions Power Generation Current Projects Rights of Way Sustainability Environment Environmental Leadership Coal Combustion Residual Compliance Electric Vehicles Manatee Viewing Center Florida Conservation and Technology Center Our Community Involvement Community Responsibility Share Volunteerism Featured Stories Media Center Social Media Careers Our Culture About Us Mission and Values Our Culture of Belonging Economic Contribution Compliance and Reporting Our Leadership Executive Leadership Board of Directors Business Resources Suppliers Economic Development Air Services Laboratory Services Metro-Link Our Brand Help Center Help Center Resources Understanding Your Bill About Your Meter About Your Rates Energy Calculators Check Project Status Contact Us Report an Outage Streetlight Out Glossary of Energy-related Definitions Subscribe to our newsletter for energy- and cost-saving resources and more. Tampa Electric Company Our Power System Current Projects Cass Street Substation Cass Street Substation About Us Mission and Principles Executive Leadership Board of Director",2026-09-27T13:47:19+00:00,2026-09-27T13:47:19+00:00,yes
9ad767071c2136384dd8,Tampa Electric,Tampa Electric - Current Grid Projects: Current Projects For Your Home For Your Business Your Service Electric Service,Transmission project,0.000,generic,generic_or_missing_project_name;missing_voltage;missing_starting_substation;missing_projected_year,NA,NA,NA,NA,TECO project/regulatory maps,none,NA,NA,NA,no,NA,NA,0,0,NA,NA,NA,0,0,NA,NA,Tampa Electric - Current Grid Projects,https://www.tampaelectric.com/company/ourpowersystem/projects/,0,"Current Projects For Your Home For Your Business Your Service Electric Service Electric Service Options New Customer Hub Let Us Help Report A Concern Power Outages Streetlight Out Tree Limbs Electricity Theft Outage Support Outage Map Outage Notifications Power Restoration Storm Center Rates, Charges and Service Rates Understanding Your Bill About Your Meter Retail Tariff Book Get Our e-Newsletter Outdoor Lighting Solutions Your Safety Electric Safety Your Safety Call Before You Dig Home Safety Kids Safety Power Line Safety Power Plant Safety Employee and Contractor Safety Scam Safety Storm Center Storm Protection Storm Protection Planning Strengthening Power Lines Undergrounding Power Lines Tree Trimming Safe Work Practices and Programs Contractor Safety Energy Supply Programs Energy Supply Forms Energy Delivery SWP Contractor Orientation Our Company Our Business Our Power System Solar Solutions Power Generation Current Projects Rights of Way Sustainability Environment Environmental Leadership Coal Combustion Residual Compliance Electric Vehicles Manatee Viewing Center Florida Conservation and Technology Center Our Community Involvement Community Responsibility Share Volunteerism Featured Stories Media Center Social Media Careers Our Culture About Us Mission and Values Our Culture of Belonging Economic Contribution Compliance and Reporting Our Leadership Executive Leadership Board of Directors Business Resources Suppliers Economic Development Air Services Laboratory Services Metro-Link Our Brand Help Center Resources Understanding Your Bill About Your Meter About Your Rates Energy Calculators Check Project Status Contact Us Report an Outage Streetlight Out Glossary of Energy-related Definitions Account & Billing Payment Payment Options Auto Pay Boost Payments Pay via Bank Account Bank Payments Pay By Card or Digital Wallet Pay By Mail Pay In Person Payment Assistance Payment Arrangement Third Party Bill Notifications Billing Billing Options Understanding Your Bill Paperless Billing Budget Billing Due Date Plus Services Electric Service Start, Transfer, or Stop Service Deposit Options Outdoor Lighting Programs Solar Solutions Solar 101 Sun Select Sun to Go Conne",2026-09-27T13:47:19+00:00,2026-09-27T13:47:19+00:00,yes
0dcdd594e9dcd0103961,Tampa Electric,Tampa Electric - Current Grid Projects: Electricity Theft - Tampa Electric For Your Home For Your Business Your,Transmission project,0.000,generic,generic_or_missing_project_name;missing_voltage;missing_starting_substation;missing_projected_year,NA,NA,NA,NA,TECO project/regulatory maps,none,NA,NA,NA,no,NA,NA,0,0,NA,NA,NA,0,0,NA,NA,Tampa Electric - Current Grid Projects,https://www.tampaelectric.com/forms/residential/electricity-theft/,0,"Electricity Theft - Tampa Electric For Your Home For Your Business Your Service Electric Service Electric Service Options New Customer Hub Let Us Help Report A Concern Power Outages Streetlight Out Tree Limbs Electricity Theft Outage Support Outage Map Outage Notifications Power Restoration Storm Center Rates, Charges and Service Rates Understanding Your Bill About Your Meter Retail Tariff Book Get Our e-Newsletter Outdoor Lighting Solutions Your Safety Electric Safety Your Safety Call Before You Dig Home Safety Kids Safety Power Line Safety Power Plant Safety Employee and Contractor Safety Scam Safety Storm Center Storm Protection Storm Protection Planning Strengthening Power Lines Undergrounding Power Lines Tree Trimming Safe Work Practices and Programs Contractor Safety Energy Supply Programs Energy Supply Forms Energy Delivery SWP Contractor Orientation Our Company Our Business Our Power System Solar Solutions Power Generation Current Projects Rights of Way Sustainability Environment Environmental Leadership Coal Combustion Residual Compliance Electric Vehicles Manatee Viewing Center Florida Conservation and Technology Center Our Community Involvement Community Responsibility Share Volunteerism Featured Stories Media Center Social Media Careers Our Culture About Us Mission and Values Our Culture of Belonging Economic Contribution Compliance and Reporting Our Leadership Executive Leadership Board of Directors Business Resources Suppliers Economic Development Air Services Laboratory Services Metro-Link Our Brand Help Center Resources Understanding Your Bill About Your Meter About Your Rates Energy Calculators Check Project Status Contact Us Report an Outage Streetlight Out Glossary of Energy-related Definitions Account & Billing Payment Payment Options Auto Pay Boost Payments Pay via Bank Account Bank Payments Pay By Card or Digital Wallet Pay By Mail Pay In Person Payment Assistance Payment Arrangement Third Party Bill Notifications Billing Billing Options Understanding Your Bill Paperless Billing Budget Billing Due Date Plus Services Electric Service Start, Transfer, or Stop Service Deposit Options Outdoor Lighting Programs Solar Solutions Solar 101 Sun Sele",2026-09-27T13:47:19+00:00,2026-09-27T13:47:19+00:00,yes
51b7109b64ecd79807bd,Tampa Electric,Tampa Electric - Current Grid Projects: For Your Home For Your Business Account & Billing Account & Billing,Transmission project,0.000,generic,generic_or_missing_project_name;missing_voltage;missing_starting_substation;missing_projected_year,NA,NA,NA,NA,TECO project/regulatory maps,none,NA,NA,NA,no,NA,NA,0,0,NA,NA,NA,0,0,NA,NA,Tampa Electric - Current Grid Projects,https://www.tampaelectric.com/company/ourpowersystem/projects/,0,"For Your Home For Your Business Account & Billing Account & Billing Payment Payment Options Auto Pay Boost Payments Pay via Bank Account Bank Payments Pay By Card or Digital Wallet Pay By Mail Pay In Person Payment Assistance Payment Arrangement Third Party Bill Notifications Billing Billing Options Understanding Your Bill Paperless Billing Budget Billing Due Date Plus Services Electric Service Start, Transfer, or Stop Service Deposit Options Outdoor Lighting Programs Programs Solar Solutions Solar 101 Sun Select Sun to Go Connecting Your Solar Services for Home Outdoor Lighting Zap Cap Systems Medical Watch Construction Electric Vehicles EV Benefits Charging Options Installing a Charger Ways to Save Ways to Save Ways to Save Save Energy Energy Audit Prime Time Plus Energy Planner Weatherization Education and Awareness Energy Calculators Rebates & Incentives Ductwork Ceiling Insulation Heating & Cooling Energy Star® New Construction Energy Star® Smart Thermostat Energy-Efficiency Tips Featured Stories Featured Stories Featured Stories All Categories Community Company News Innovation Programs & Services Weather & Safety Your Service Your Service Electric Service Electric Service Options New Customer Hub Let Us Help Report A Concern Power Outages Streetlight Out Tree Limbs Electricity Theft Outage Support Outage Map Outage Notifications Power Restoration Storm Center Rates, Charges and Service Rates Understanding Your Bill About Your Meter Retail Tariff Book Get Our e-Newsletter Outdoor Lighting Solutions Your Safety Your Safety Electric Safety Your Safety Call Before You Dig Home Safety Kids Safety Power Line Safety Power Plant Safety Employee and Contractor Safety Scam Safety Storm Center Storm Protection Storm Protection Planning Strengthening Power Lines Undergrounding Power Lines Tree Trimming Safe Work Practices and Programs Contractor Safety Energy Supply Programs Energy Supply Forms Energy Delivery SWP Contractor Orientation Our Company Our Company Our Business Our Power System Solar Solutions Power Generation Current Projects Rights of Way Sustainability Environment Environmental Leadership Coal Combustion Residual Compliance Electric Vehicles Manatee Vie",2026-09-27T13:47:19+00:00,2026-09-27T13:47:19+00:00,yes
5bf5a97fc56281f55b0c,Tampa Electric,Tampa Electric - Current Grid Projects: Outage Notifications For Your Home For Your Business Your Service Electric Service,Transmission project,0.000,generic,generic_or_missing_project_name;missing_voltage;missing_starting_substation;missing_projected_year,NA,NA,NA,NA,TECO project/regulatory maps,none,NA,NA,NA,no,NA,NA,0,0,NA,NA,NA,0,0,NA,NA,Tampa Electric - Current Grid Projects,https://www.tampaelectric.com/poweroutages/outage-notifications/,0,"Outage Notifications For Your Home For Your Business Your Service Electric Service Electric Service Options New Customer Hub Let Us Help Report A Concern Power Outages Streetlight Out Tree Limbs Electricity Theft Outage Support Outage Map Outage Notifications Power Restoration Storm Center Rates, Charges and Service Rates Understanding Your Bill About Your Meter Retail Tariff Book Get Our e-Newsletter Outdoor Lighting Solutions Your Safety Electric Safety Your Safety Call Before You Dig Home Safety Kids Safety Power Line Safety Power Plant Safety Employee and Contractor Safety Scam Safety Storm Center Storm Protection Storm Protection Planning Strengthening Power Lines Undergrounding Power Lines Tree Trimming Safe Work Practices and Programs Contractor Safety Energy Supply Programs Energy Supply Forms Energy Delivery SWP Contractor Orientation Our Company Our Business Our Power System Solar Solutions Power Generation Current Projects Rights of Way Sustainability Environment Environmental Leadership Coal Combustion Residual Compliance Electric Vehicles Manatee Viewing Center Florida Conservation and Technology Center Our Community Involvement Community Responsibility Share Volunteerism Featured Stories Media Center Social Media Careers Our Culture About Us Mission and Values Our Culture of Belonging Economic Contribution Compliance and Reporting Our Leadership Executive Leadership Board of Directors Business Resources Suppliers Economic Development Air Services Laboratory Services Metro-Link Our Brand Help Center Resources Understanding Your Bill About Your Meter About Your Rates Energy Calculators Check Project Status Contact Us Report an Outage Streetlight Out Glossary of Energy-related Definitions Account & Billing Payment Payment Options Auto Pay Boost Payments Pay via Bank Account Bank Payments Pay By Card or Digital Wallet Pay By Mail Pay In Person Payment Assistance Payment Arrangement Third Party Bill Notifications Billing Billing Options Understanding Your Bill Paperless Billing Budget Billing Due Date Plus Services Electric Service Start, Transfer, or Stop Service Deposit Options Outdoor Lighting Programs Solar Solutions Solar 101 Sun Select Sun to Go C",2026-09-27T13:47:19+00:00,2026-09-27T13:47:19+00:00,yes
100df01d6b42f044ce4e,Tampa Electric,Tampa Electric - Current Grid Projects: Power Outages For Your Home For Your Business Your Service Electric Service,Transmission project,0.000,generic,generic_or_missing_project_name;missing_voltage;missing_starting_substation;missing_projected_year,NA,NA,NA,NA,TECO project/regulatory maps,none,NA,NA,NA,no,NA,NA,0,0,NA,NA,NA,0,0,NA,NA,Tampa Electric - Current Grid Projects,https://www.tampaelectric.com/poweroutages/,0,"Power Outages For Your Home For Your Business Your Service Electric Service Electric Service Options New Customer Hub Let Us Help Report A Concern Power Outages Streetlight Out Tree Limbs Electricity Theft Outage Support Outage Map Outage Notifications Power Restoration Storm Center Rates, Charges and Service Rates Understanding Your Bill About Your Meter Retail Tariff Book Get Our e-Newsletter Outdoor Lighting Solutions Your Safety Electric Safety Your Safety Call Before You Dig Home Safety Kids Safety Power Line Safety Power Plant Safety Employee and Contractor Safety Scam Safety Storm Center Storm Protection Storm Protection Planning Strengthening Power Lines Undergrounding Power Lines Tree Trimming Safe Work Practices and Programs Contractor Safety Energy Supply Programs Energy Supply Forms Energy Delivery SWP Contractor Orientation Our Company Our Business Our Power System Solar Solutions Power Generation Current Projects Rights of Way Sustainability Environment Environmental Leadership Coal Combustion Residual Compliance Electric Vehicles Manatee Viewing Center Florida Conservation and Technology Center Our Community Involvement Community Responsibility Share Volunteerism Featured Stories Media Center Social Media Careers Our Culture About Us Mission and Values Our Culture of Belonging Economic Contribution Compliance and Reporting Our Leadership Executive Leadership Board of Directors Business Resources Suppliers Economic Development Air Services Laboratory Services Metro-Link Our Brand Help Center Resources Understanding Your Bill About Your Meter About Your Rates Energy Calculators Check Project Status Contact Us Report an Outage Streetlight Out Glossary of Energy-related Definitions Account & Billing Payment Payment Options Auto Pay Boost Payments Pay via Bank Account Bank Payments Pay By Card or Digital Wallet Pay By Mail Pay In Person Payment Assistance Payment Arrangement Third Party Bill Notifications Billing Billing Options Understanding Your Bill Paperless Billing Budget Billing Due Date Plus Services Electric Service Start, Transfer, or Stop Service Deposit Options Outdoor Lighting Programs Solar Solutions Solar 101 Sun Select Sun to Go Connecti",2026-09-27T13:47:19+00:00,2026-09-27T13:47:19+00:00,yes
49d0cd7d8e5c8989a4fc,Tampa Electric,Tampa Electric - Current Grid Projects: Report Streetlight Out - Tampa Electric For Your Home For Your Business,Transmission project,0.000,generic,generic_or_missing_project_name;missing_voltage;missing_starting_substation;missing_projected_year,NA,NA,NA,NA,TECO project/regulatory maps,none,NA,NA,NA,no,NA,NA,0,0,NA,NA,NA,0,0,NA,NA,Tampa Electric - Current Grid Projects,https://www.tampaelectric.com/forms/residential/streetlightout/,0,"Report Streetlight Out - Tampa Electric For Your Home For Your Business Your Service Electric Service Electric Service Options New Customer Hub Let Us Help Report A Concern Power Outages Streetlight Out Tree Limbs Electricity Theft Outage Support Outage Map Outage Notifications Power Restoration Storm Center Rates, Charges and Service Rates Understanding Your Bill About Your Meter Retail Tariff Book Get Our e-Newsletter Outdoor Lighting Solutions Your Safety Electric Safety Your Safety Call Before You Dig Home Safety Kids Safety Power Line Safety Power Plant Safety Employee and Contractor Safety Scam Safety Storm Center Storm Protection Storm Protection Planning Strengthening Power Lines Undergrounding Power Lines Tree Trimming Safe Work Practices and Programs Contractor Safety Energy Supply Programs Energy Supply Forms Energy Delivery SWP Contractor Orientation Our Company Our Business Our Power System Solar Solutions Power Generation Current Projects Rights of Way Sustainability Environment Environmental Leadership Coal Combustion Residual Compliance Electric Vehicles Manatee Viewing Center Florida Conservation and Technology Center Our Community Involvement Community Responsibility Share Volunteerism Featured Stories Media Center Social Media Careers Our Culture About Us Mission and Values Our Culture of Belonging Economic Contribution Compliance and Reporting Our Leadership Executive Leadership Board of Directors Business Resources Suppliers Economic Development Air Services Laboratory Services Metro-Link Our Brand Help Center Resources Understanding Your Bill About Your Meter About Your Rates Energy Calculators Check Project Status Contact Us Report an Outage Streetlight Out Glossary of Energy-related Definitions Account & Billing Payment Payment Options Auto Pay Boost Payments Pay via Bank Account Bank Payments Pay By Card or Digital Wallet Pay By Mail Pay In Person Payment Assistance Payment Arrangement Third Party Bill Notifications Billing Billing Options Understanding Your Bill Paperless Billing Budget Billing Due Date Plus Services Electric Service Start, Transfer, or Stop Service Deposit Options Outdoor Lighting Programs Solar Solutions Solar 101 Sun",2026-09-27T13:47:19+00:00,2026-09-27T13:47:19+00:00,yes
2ea4d90ae7e8c773379f,Tampa Electric,Tampa Electric - Current Grid Projects: Report a Concern For Your Home For Your Business Your Service Electric,Transmission project,0.000,generic,generic_or_missing_project_name;missing_voltage;missing_starting_substation;missing_projected_year,NA,NA,NA,NA,TECO project/regulatory maps,none,NA,NA,NA,no,NA,NA,0,0,NA,NA,NA,0,0,NA,NA,Tampa Electric - Current Grid Projects,https://www.tampaelectric.com/residential/report-a-concern/,0,"Report a Concern For Your Home For Your Business Your Service Electric Service Electric Service Options New Customer Hub Let Us Help Report A Concern Power Outages Streetlight Out Tree Limbs Electricity Theft Outage Support Outage Map Outage Notifications Power Restoration Storm Center Rates, Charges and Service Rates Understanding Your Bill About Your Meter Retail Tariff Book Get Our e-Newsletter Outdoor Lighting Solutions Your Safety Electric Safety Your Safety Call Before You Dig Home Safety Kids Safety Power Line Safety Power Plant Safety Employee and Contractor Safety Scam Safety Storm Center Storm Protection Storm Protection Planning Strengthening Power Lines Undergrounding Power Lines Tree Trimming Safe Work Practices and Programs Contractor Safety Energy Supply Programs Energy Supply Forms Energy Delivery SWP Contractor Orientation Our Company Our Business Our Power System Solar Solutions Power Generation Current Projects Rights of Way Sustainability Environment Environmental Leadership Coal Combustion Residual Compliance Electric Vehicles Manatee Viewing Center Florida Conservation and Technology Center Our Community Involvement Community Responsibility Share Volunteerism Featured Stories Media Center Social Media Careers Our Culture About Us Mission and Values Our Culture of Belonging Economic Contribution Compliance and Reporting Our Leadership Executive Leadership Board of Directors Business Resources Suppliers Economic Development Air Services Laboratory Services Metro-Link Our Brand Help Center Resources Understanding Your Bill About Your Meter About Your Rates Energy Calculators Check Project Status Contact Us Report an Outage Streetlight Out Glossary of Energy-related Definitions Account & Billing Payment Payment Options Auto Pay Boost Payments Pay via Bank Account Bank Payments Pay By Card or Digital Wallet Pay By Mail Pay In Person Payment Assistance Payment Arrangement Third Party Bill Notifications Billing Billing Options Understanding Your Bill Paperless Billing Budget Billing Due Date Plus Services Electric Service Start, Transfer, or Stop Service Deposit Options Outdoor Lighting Programs Solar Solutions Solar 101 Sun Select Sun to Go Conne",2026-09-27T13:47:19+00:00,2026-09-27T13:47:19+00:00,yes
34e789a76f3265bfacf2,Tampa Electric,Tampa Electric - Current Grid Projects: Start Service For Your Home For Your Business Your Service Electric Service,Transmission project,0.000,generic,generic_or_missing_project_name;missing_voltage;missing_starting_substation;missing_projected_year,NA,NA,NA,NA,TECO project/regulatory maps,none,NA,NA,NA,no,NA,NA,0,0,NA,NA,NA,0,0,NA,NA,Tampa Electric - Current Grid Projects,https://www.tampaelectric.com/residential/start-service/,0,"Start Service For Your Home For Your Business Your Service Electric Service Electric Service Options New Customer Hub Let Us Help Report A Concern Power Outages Streetlight Out Tree Limbs Electricity Theft Outage Support Outage Map Outage Notifications Power Restoration Storm Center Rates, Charges and Service Rates Understanding Your Bill About Your Meter Retail Tariff Book Get Our e-Newsletter Outdoor Lighting Solutions Your Safety Electric Safety Your Safety Call Before You Dig Home Safety Kids Safety Power Line Safety Power Plant Safety Employee and Contractor Safety Scam Safety Storm Center Storm Protection Storm Protection Planning Strengthening Power Lines Undergrounding Power Lines Tree Trimming Safe Work Practices and Programs Contractor Safety Energy Supply Programs Energy Supply Forms Energy Delivery SWP Contractor Orientation Our Company Our Business Our Power System Solar Solutions Power Generation Current Projects Rights of Way Sustainability Environment Environmental Leadership Coal Combustion Residual Compliance Electric Vehicles Manatee Viewing Center Florida Conservation and Technology Center Our Community Involvement Community Responsibility Share Volunteerism Featured Stories Media Center Social Media Careers Our Culture About Us Mission and Values Our Culture of Belonging Economic Contribution Compliance and Reporting Our Leadership Executive Leadership Board of Directors Business Resources Suppliers Economic Development Air Services Laboratory Services Metro-Link Our Brand Help Center Resources Understanding Your Bill About Your Meter About Your Rates Energy Calculators Check Project Status Contact Us Report an Outage Streetlight Out Glossary of Energy-related Definitions Account & Billing Payment Payment Options Auto Pay Boost Payments Pay via Bank Account Bank Payments Pay By Card or Digital Wallet Pay By Mail Pay In Person Payment Assistance Payment Arrangement Third Party Bill Notifications Billing Billing Options Understanding Your Bill Paperless Billing Budget Billing Due Date Plus Services Electric Service Start, Transfer, or Stop Service Deposit Options Outdoor Lighting Programs Solar Solutions Solar 101 Sun Select Sun to Go Connecti",2026-09-27T13:47:19+00:00,2026-09-27T13:47:19+00:00,yes
b74f43392d42e50e248d,Tampa Electric,Tampa Electric - Current Grid Projects: Tampa Electric For Your Home For Your Business Your Service Electric Service,Transmission project,0.000,generic,generic_or_missing_project_name;missing_voltage;missing_starting_substation;missing_projected_year,NA,NA,NA,NA,TECO project/regulatory maps,none,NA,NA,NA,no,NA,NA,0,0,NA,NA,NA,0,0,NA,NA,Tampa Electric - Current Grid Projects,https://www.tampaelectric.com/,0,"Tampa Electric For Your Home For Your Business Your Service Electric Service Electric Service Options New Customer Hub Let Us Help Report A Concern Power Outages Streetlight Out Tree Limbs Electricity Theft Outage Support Outage Map Outage Notifications Power Restoration Storm Center Rates, Charges and Service Rates Understanding Your Bill About Your Meter Retail Tariff Book Get Our e-Newsletter Outdoor Lighting Solutions Your Safety Electric Safety Your Safety Call Before You Dig Home Safety Kids Safety Power Line Safety Power Plant Safety Employee and Contractor Safety Scam Safety Storm Center Storm Protection Storm Protection Planning Strengthening Power Lines Undergrounding Power Lines Tree Trimming Safe Work Practices and Programs Contractor Safety Energy Supply Programs Energy Supply Forms Energy Delivery SWP Contractor Orientation Our Company Our Business Our Power System Solar Solutions Power Generation Current Projects Rights of Way Sustainability Environment Environmental Leadership Coal Combustion Residual Compliance Electric Vehicles Manatee Viewing Center Florida Conservation and Technology Center Our Community Involvement Community Responsibility Share Volunteerism Featured Stories Media Center Social Media Careers Our Culture About Us Mission and Values Our Culture of Belonging Economic Contribution Compliance and Reporting Our Leadership Executive Leadership Board of Directors Business Resources Suppliers Economic Development Air Services Laboratory Services Metro-Link Our Brand Help Center Resources Understanding Your Bill About Your Meter About Your Rates Energy Calculators Check Project Status Contact Us Report an Outage Streetlight Out Glossary of Energy-related Definitions Account & Billing Payment Payment Options Auto Pay Boost Payments Pay via Bank Account Bank Payments Pay By Card or Digital Wallet Pay By Mail Pay In Person Payment Assistance Payment Arrangement Third Party Bill Notifications Billing Billing Options Understanding Your Bill Paperless Billing Budget Billing Due Date Plus Services Electric Service Start, Transfer, or Stop Service Deposit Options Outdoor Lighting Programs Solar Solutions Solar 101 Sun Select Sun to Go Connect",2026-09-27T13:47:19+00:00,2026-09-27T13:47:19+00:00,yes
969edd44f7107225e1bc,Tampa Electric,Tampa Electric - Current Grid Projects: Tampa Electric Forms DO NOT use this form to report downed or,Transmission project,0.000,generic,generic_or_missing_project_name;missing_voltage;missing_starting_substation;missing_projected_year,NA,NA,NA,NA,TECO project/regulatory maps,none,NA,NA,NA,no,NA,NA,0,0,NA,NA,NA,0,0,NA,NA,Tampa Electric - Current Grid Projects,https://www.tampaelectric.com/forms/residential/streetlightout/,0,"Tampa Electric Forms DO NOT use this form to report downed or fallen streetlights, power lines or poles. Those are electric emergencies. To report a downed or damaged power line, call 911 and then call us at 877-588-1010 . Always assume downed power lines and poles are energized and stay as far away as possible! DO NOT TOUCH them - or anyone or anything touching them - such as a tree branch, fence, vehicle or water. Streetlight Outage Reporting Please complete this form to report a malfunctioning streetlight.",2026-09-27T13:47:19+00:00,2026-09-27T13:47:19+00:00,yes
dcbd53b556213dcfb5da,Tampa Electric,Tampa Electric - Current Grid Projects: Tree Limbs - Tampa Electric For Your Home For Your Business Your,Transmission project,0.000,generic,generic_or_missing_project_name;missing_voltage;missing_starting_substation;missing_projected_year,NA,NA,NA,NA,TECO project/regulatory maps,none,NA,NA,NA,no,NA,NA,0,0,NA,NA,NA,0,0,NA,NA,Tampa Electric - Current Grid Projects,https://www.tampaelectric.com/forms/residential/tree-limbs/,0,"Tree Limbs - Tampa Electric For Your Home For Your Business Your Service Electric Service Electric Service Options New Customer Hub Let Us Help Report A Concern Power Outages Streetlight Out Tree Limbs Electricity Theft Outage Support Outage Map Outage Notifications Power Restoration Storm Center Rates, Charges and Service Rates Understanding Your Bill About Your Meter Retail Tariff Book Get Our e-Newsletter Outdoor Lighting Solutions Your Safety Electric Safety Your Safety Call Before You Dig Home Safety Kids Safety Power Line Safety Power Plant Safety Employee and Contractor Safety Scam Safety Storm Center Storm Protection Storm Protection Planning Strengthening Power Lines Undergrounding Power Lines Tree Trimming Safe Work Practices and Programs Contractor Safety Energy Supply Programs Energy Supply Forms Energy Delivery SWP Contractor Orientation Our Company Our Business Our Power System Solar Solutions Power Generation Current Projects Rights of Way Sustainability Environment Environmental Leadership Coal Combustion Residual Compliance Electric Vehicles Manatee Viewing Center Florida Conservation and Technology Center Our Community Involvement Community Responsibility Share Volunteerism Featured Stories Media Center Social Media Careers Our Culture About Us Mission and Values Our Culture of Belonging Economic Contribution Compliance and Reporting Our Leadership Executive Leadership Board of Directors Business Resources Suppliers Economic Development Air Services Laboratory Services Metro-Link Our Brand Help Center Resources Understanding Your Bill About Your Meter About Your Rates Energy Calculators Check Project Status Contact Us Report an Outage Streetlight Out Glossary of Energy-related Definitions Account & Billing Payment Payment Options Auto Pay Boost Payments Pay via Bank Account Bank Payments Pay By Card or Digital Wallet Pay By Mail Pay In Person Payment Assistance Payment Arrangement Third Party Bill Notifications Billing Billing Options Understanding Your Bill Paperless Billing Budget Billing Due Date Plus Services Electric Service Start, Transfer, or Stop Service Deposit Options Outdoor Lighting Programs Solar Solutions Solar 101 Sun Select Sun",2026-09-27T13:47:19+00:00,2026-09-27T13:47:19+00:00,yes
8e1a886f84b0611965cd,Tampa Electric,Tampa Electric - Current Grid Projects: Welcome to Tampa Electric For Your Home For Your Business Your Service,Transmission project,0.000,generic,generic_or_missing_project_name;missing_voltage;missing_starting_substation;missing_projected_year,NA,NA,NA,NA,TECO project/regulatory maps,none,NA,NA,NA,no,NA,NA,0,0,NA,NA,NA,0,0,NA,NA,Tampa Electric - Current Grid Projects,https://www.tampaelectric.com/welcome/,0,"Welcome to Tampa Electric For Your Home For Your Business Your Service Electric Service Electric Service Options New Customer Hub Let Us Help Report A Concern Power Outages Streetlight Out Tree Limbs Electricity Theft Outage Support Outage Map Outage Notifications Power Restoration Storm Center Rates, Charges and Service Rates Understanding Your Bill About Your Meter Retail Tariff Book Get Our e-Newsletter Outdoor Lighting Solutions Your Safety Electric Safety Your Safety Call Before You Dig Home Safety Kids Safety Power Line Safety Power Plant Safety Employee and Contractor Safety Scam Safety Storm Center Storm Protection Storm Protection Planning Strengthening Power Lines Undergrounding Power Lines Tree Trimming Safe Work Practices and Programs Contractor Safety Energy Supply Programs Energy Supply Forms Energy Delivery SWP Contractor Orientation Our Company Our Business Our Power System Solar Solutions Power Generation Current Projects Rights of Way Sustainability Environment Environmental Leadership Coal Combustion Residual Compliance Electric Vehicles Manatee Viewing Center Florida Conservation and Technology Center Our Community Involvement Community Responsibility Share Volunteerism Featured Stories Media Center Social Media Careers Our Culture About Us Mission and Values Our Culture of Belonging Economic Contribution Compliance and Reporting Our Leadership Executive Leadership Board of Directors Business Resources Suppliers Economic Development Air Services Laboratory Services Metro-Link Our Brand Help Center Resources Understanding Your Bill About Your Meter About Your Rates Energy Calculators Check Project Status Contact Us Report an Outage Streetlight Out Glossary of Energy-related Definitions Account & Billing Payment Payment Options Auto Pay Boost Payments Pay via Bank Account Bank Payments Pay By Card or Digital Wallet Pay By Mail Pay In Person Payment Assistance Payment Arrangement Third Party Bill Notifications Billing Billing Options Understanding Your Bill Paperless Billing Budget Billing Due Date Plus Services Electric Service Start, Transfer, or Stop Service Deposit Options Outdoor Lighting Programs Solar Solutions Solar 101 Sun Select Sun to",2026-09-27T13:47:19+00:00,2026-09-27T13:47:19+00:00,yes
